{
  "timestamp": "2026-01-20T09:33:12.719057",
  "model_stats": {
    "gpt4": {
      "total_samples": 3,
      "total_f1": 2.6743310680345025,
      "total_recall": 2.6338333333333335,
      "total_precision": 2.7173903892887967,
      "errors": 0,
      "by_tier": {
        "hard": {
          "count": 1,
          "f1_sum": 0.8647798742138365,
          "recall_sum": 0.8333333333333334,
          "avg_f1": 0.8647798742138365,
          "avg_recall": 0.8333333333333334
        },
        "extreme": {
          "count": 2,
          "f1_sum": 1.809551193820666,
          "recall_sum": 1.8005,
          "avg_f1": 0.904775596910333,
          "avg_recall": 0.90025
        }
      },
      "by_format": {
        "detailed": {
          "count": 3,
          "f1_sum": 2.6743310680345025,
          "recall_sum": 2.6338333333333335,
          "avg_f1": 0.8914436893448342,
          "avg_recall": 0.8779444444444445
        }
      },
      "avg_f1": 0.8914436893448342,
      "avg_recall": 0.8779444444444445,
      "avg_precision": 0.9057967964295989
    },
    "gpt52": {
      "total_samples": 3,
      "total_f1": 2.485801915554191,
      "total_recall": 2.444,
      "total_precision": 2.5313148472024296,
      "errors": 0,
      "by_tier": {
        "hard": {
          "count": 1,
          "f1_sum": 0.808994708994709,
          "recall_sum": 0.7722222222222223,
          "avg_f1": 0.808994708994709,
          "avg_recall": 0.7722222222222223
        },
        "extreme": {
          "count": 2,
          "f1_sum": 1.6768072065594821,
          "recall_sum": 1.6717777777777778,
          "avg_f1": 0.8384036032797411,
          "avg_recall": 0.8358888888888889
        }
      },
      "by_format": {
        "detailed": {
          "count": 3,
          "f1_sum": 2.485801915554191,
          "recall_sum": 2.444,
          "avg_f1": 0.8286006385180636,
          "avg_recall": 0.8146666666666667
        }
      },
      "avg_f1": 0.8286006385180636,
      "avg_recall": 0.8146666666666667,
      "avg_precision": 0.8437716157341432
    },
    "gemini": {
      "total_samples": 3,
      "total_f1": 2.594776923362681,
      "total_recall": 2.5509848484848487,
      "total_precision": 2.642455846188241,
      "errors": 0,
      "by_tier": {
        "hard": {
          "count": 1,
          "f1_sum": 0.8481481481481482,
          "recall_sum": 0.8095959595959596,
          "avg_f1": 0.8481481481481482,
          "avg_recall": 0.8095959595959596
        },
        "extreme": {
          "count": 2,
          "f1_sum": 1.7466287752145326,
          "recall_sum": 1.7413888888888889,
          "avg_f1": 0.8733143876072663,
          "avg_recall": 0.8706944444444444
        }
      },
      "by_format": {
        "detailed": {
          "count": 3,
          "f1_sum": 2.594776923362681,
          "recall_sum": 2.5509848484848487,
          "avg_f1": 0.8649256411208937,
          "avg_recall": 0.8503282828282829
        }
      },
      "avg_f1": 0.8649256411208937,
      "avg_recall": 0.8503282828282829,
      "avg_precision": 0.8808186153960803
    }
  },
  "detailed_results": [
    {
      "model": "gpt4",
      "sample": "hard_50_001_detailed",
      "tier": "hard",
      "format": "detailed",
      "metrics": {
        "ground_truth_count": 55,
        "predicted_count": 51,
        "found": 1650,
        "recall": 0.8333333333333334,
        "precision": 0.8986928104575164,
        "f1": 0.8647798742138365,
        "missing": 0,
        "extra": 1,
        "missing_ids": [],
        "extra_ids": [
          "240038"
        ],
        "exact_record_matches": 0,
        "total_gold_field_pairs": 1980,
        "total_pred_field_pairs": 1836
      },
      "extraction_time": 19.427252054214478,
      "error": null
    },
    {
      "model": "gpt52",
      "sample": "hard_50_001_detailed",
      "tier": "hard",
      "format": "detailed",
      "metrics": {
        "ground_truth_count": 55,
        "predicted_count": 50,
        "found": 1529,
        "recall": 0.7722222222222223,
        "precision": 0.8494444444444444,
        "f1": 0.808994708994709,
        "missing": 0,
        "extra": 0,
        "missing_ids": [],
        "extra_ids": [],
        "exact_record_matches": 0,
        "total_gold_field_pairs": 1980,
        "total_pred_field_pairs": 1800
      },
      "extraction_time": 0.0,
      "error": null
    },
    {
      "model": "gemini",
      "sample": "hard_50_001_detailed",
      "tier": "hard",
      "format": "detailed",
      "metrics": {
        "ground_truth_count": 55,
        "predicted_count": 50,
        "found": 1603,
        "recall": 0.8095959595959596,
        "precision": 0.8905555555555555,
        "f1": 0.8481481481481482,
        "missing": 0,
        "extra": 0,
        "missing_ids": [],
        "extra_ids": [],
        "exact_record_matches": 0,
        "total_gold_field_pairs": 1980,
        "total_pred_field_pairs": 1800
      },
      "extraction_time": 0.0,
      "error": null
    },
    {
      "model": "gpt4",
      "sample": "extreme_100_001_detailed",
      "tier": "extreme",
      "format": "detailed",
      "metrics": {
        "ground_truth_count": 500,
        "predicted_count": 496,
        "found": 16190,
        "recall": 0.8994444444444445,
        "precision": 0.9066980286738351,
        "f1": 0.9030566711289603,
        "missing": 1,
        "extra": 2,
        "missing_ids": [
          "30268"
        ],
        "extra_ids": [
          "24A8816",
          "L23A4755"
        ],
        "exact_record_matches": 0,
        "total_gold_field_pairs": 18000,
        "total_pred_field_pairs": 17856
      },
      "extraction_time": 0.0,
      "error": null
    },
    {
      "model": "gpt52",
      "sample": "extreme_100_001_detailed",
      "tier": "extreme",
      "format": "detailed",
      "metrics": {
        "ground_truth_count": 500,
        "predicted_count": 496,
        "found": 15022,
        "recall": 0.8345555555555556,
        "precision": 0.8412858422939068,
        "f1": 0.8379071842927265,
        "missing": 0,
        "extra": 1,
        "missing_ids": [],
        "extra_ids": [
          "30"
        ],
        "exact_record_matches": 0,
        "total_gold_field_pairs": 18000,
        "total_pred_field_pairs": 17856
      },
      "extraction_time": 0.0,
      "error": null
    },
    {
      "model": "gemini",
      "sample": "extreme_100_001_detailed",
      "tier": "extreme",
      "format": "detailed",
      "metrics": {
        "ground_truth_count": 500,
        "predicted_count": 497,
        "found": 15508,
        "recall": 0.8615555555555555,
        "precision": 0.8667560921082048,
        "f1": 0.8641479995542183,
        "missing": 0,
        "extra": 2,
        "missing_ids": [],
        "extra_ids": [
          "24A8816",
          "L24A5411"
        ],
        "exact_record_matches": 0,
        "total_gold_field_pairs": 18000,
        "total_pred_field_pairs": 17892
      },
      "extraction_time": 0.0,
      "error": null
    },
    {
      "model": "gpt4",
      "sample": "extreme_100_002_detailed",
      "tier": "extreme",
      "format": "detailed",
      "metrics": {
        "ground_truth_count": 500,
        "predicted_count": 494,
        "found": 16219,
        "recall": 0.9010555555555556,
        "precision": 0.9119995501574449,
        "f1": 0.9064945226917059,
        "missing": 2,
        "extra": 1,
        "missing_ids": [
          "30027",
          "30228"
        ],
        "extra_ids": [
          "230249"
        ],
        "exact_record_matches": 0,
        "total_gold_field_pairs": 18000,
        "total_pred_field_pairs": 17784
      },
      "extraction_time": 1766.9577550888062,
      "error": null
    },
    {
      "model": "gpt52",
      "sample": "extreme_100_002_detailed",
      "tier": "extreme",
      "format": "detailed",
      "metrics": {
        "ground_truth_count": 500,
        "predicted_count": 498,
        "found": 15070,